Transaction	Supplier	Type	Date	Value
WhatYouExpect	Vale	Surveys	13/03/2026	5.00€
Amazon	LetyShops	Cashback	11/03/2026	6.20€
Amazon	Bleap	Cashback	10/03/2026	1.24€
beRuby	PayPal	Surveys	09/03/2026	10.00€
Unibanco	Unibanco	Cashback	07/03/2026	20.00€
Continente	Curve	Cashback	07/03/2026	0.25€
Bagga	Curve	Cashback	07/03/2026	0.05€
Continente	Curve	Cashback	06/03/2026	1.59€
WhatYouExpect	Vale	Surveys	05/03/2026	5.00€
MEO	Curve	Cashback	04/03/2026	2.49€
Amazon	LetyShops	Cashback	03/03/2026	0.26€
EarnStar	PayPal	Surveys	28/02/2026	1.64€
PrimeOpinion	Revolut	Surveys	28/02/2026	3.00€
AttaPoll	PayPal	Surveys	28/02/2026	9.05€
Amazon	LetyShops	Cashback	28/02/2026	0.02€
Amazon	LetyShops	Cashback	28/02/2026	2.69€
MEO	Curve	Cashback	25/02/2026	0.42€
Frango e Vicios	Cetelem	Cashback	21/02/2026	0.58€
LIDL	Cetelem	Cashback	21/02/2026	0.27€
LIDL	Curve	Cashback	20/02/2026	0.09€
Continente	Curve	Cashback	20/02/2026	1.03€
A Batina	Cetelem	Cashback	19/02/2026	0.75€
Ivo Macedo Lisboa Luz	Cetelem	Cashback	18/02/2026	0.42€
Amazon	LetyShops	Cashback	15/02/2026	6.95€
Continente	Curve	Cashback	14/02/2026	0.39€
Mercadona	Cetelem	Cashback	14/02/2026	1.15€
Frangos e Vicios	Cetelem	Cashback	14/02/2026	0.58€
Continente	Cetelem	Cashback	13/02/2026	1.27€
Prozis	Cetelem	Cashback	13/02/2026	2.02€
Vitaminas	Cetelem	Cashback	13/02/2026	0.11€
Companhia das Sandes	Cetelem	Cashback	13/02/2026	0.20€
LaoLao	Cetelem	Cashback	13/02/2026	0.15€
Vitaminas	Cetelem	Cashback	13/02/2026	0.31€
Sabores e Mondego	Cetelem	Cashback	13/02/2026	0.30€
LaoLao	Cetelem	Cashback	13/02/2026	0.15€
Legumes e Outros Vicios	Cetelem	Cashback	13/02/2026	1.10€
Continente	Cetelem	Cashback	13/02/2026	0.73€
Continente	Cetelem	Cashback	13/02/2026	0.29€
Pingo Doce	Cetelem	Cashback	13/02/2026	0.17€
Continente	Cetelem	Cashback	13/02/2026	0.72€
Continente	Cetelem	Cashback	13/02/2026	0.61€
Continente	Cetelem	Cashback	13/02/2026	0.09€
Unibanco	Unibanco	Cashback	08/02/2026	20.00€
Coupert	Vale	Surveys	31/12/2025	4.87€
Bybit	ByBit	Cashback	04/02/2026	25.00€
Continente	Curve	Cashback	01/02/2026	0.11€
Top Surveys	PayPal	Surveys	31/01/2026	1.00€
PrimeOpinion	Revolut	Surveys	31/01/2026	3.00€
MultiPolls	PayPal	Surveys	31/01/2026	7.00€
EarnStar	PayPal	Surveys	31/01/2026	4.00€
Continente	Curve	Cashback	30/01/2026	0.25€
Bybit	ByBit	Cashback	26/01/2026	25.00€
Continente	Curve	Cashback	23/01/2026	0.71€
Plenitude	TB	Social Media	20/01/2026	40.00€
Booking	Curve	Cashback	19/01/2026	0.59€
Booking	Curve	Cashback	19/01/2026	3.54€
Bybit	ByBit	Cashback	19/01/2026	25.00€
Leroy Merlin	Curve	Cashback	18/01/2026	0.06€
Questionários Online	Vale	Surveys	16/01/2026	10.00€
Radar Consumo	Vale	Social Media	16/01/2026	5.00€
IKEA	Curve	Cashback	15/01/2026	0.33€
Leroy Merlin	Curve	Cashback	11/01/2026	0.01€
Continente	Curve	Cashback	09/01/2026	0.64€
WhatYouExpect	Vale	Surveys	09/01/2026	5.00€
WhatYouExpect	Vale	Surveys	09/01/2026	5.00€
Unibanco	Unibanco	Cashback	08/01/2026	5.00€
Bybit	ByBit	Cashback	07/01/2026	25.00€
Bybit	ByBit	Cashback	07/01/2026	25.00€
Amazon	LetyShops	Cashback	07/01/2026	0.63€
Amazon	LetyShops	Cashback	07/01/2026	2.24€
Mercadona	Curve	Cashback	04/01/2026	0.27€
beRuby	PayPal	Surveys	02/01/2026	10.00€
MultiPolls	PayPal	Surveys	31/12/2025	7.00€
Coupert	Vale	Surveys	31/12/2025	6.00€
Top Surveys	PayPal	Surveys	31/12/2025	1.00€
HeyCash	PayPal	Surveys	31/12/2025	1.00€
AttaPoll	PayPal	Surveys	31/12/2025	14.55€
EarnStar	PayPal	Surveys	31/12/2025	37.00€
Amazon	Curve	Cashback	30/12/2025	0.60€
Booking	Curve	Cashback	29/12/2025	2.27€
Leroy Merlin	Curve	Cashback	28/12/2025	0.11€
Leroy Merlin	Curve	Cashback	27/12/2025	0.07€
YouTube	Revolut	Social Media	23/12/2025	5.00€
WFP	Curve	Cashback	20/12/2025	1.44€
Unibanco	Vale	Social Media	18/12/2025	40.00€
Radar Consumo	Vale	Social Media	18/12/2025	10.00€
Radar Consumo	Vale	Social Media	18/12/2025	10.00€
Continente	Curve	Cashback	18/12/2025	0.08€
Bybit	ByBit	Cashback	17/12/2025	25.00€
Bybit	ByBit	Cashback	17/12/2025	25.00€
Continente	Curve	Cashback	16/12/2025	0.08€
Amazon	LetyShops	Cashback	14/12/2025	4.83€
Amazon	LetyShops	Cashback	14/12/2025	11.54€
Continente	Curve	Cashback	12/12/2025	0.51€
Amazon	Curve	Cashback	11/12/2025	1.83€
Bybit	ByBit	Cashback	09/12/2025	25.00€
Mercadona	Curve	Cashback	05/12/2025	0.21€
AC Hotel by Marriott Bella Sky Copenhagen	Curve	Cashback	04/12/2025	6.50€
Amazon	LetyShops	Cashback	04/12/2025	0.81€
Amazon	LetyShops	Cashback	04/12/2025	14.81€
Bybit	ByBit	Cashback	02/12/2025	25.00€
EarnStar	PayPal	Surveys	30/11/2025	8.32€
Coupert	Vale	Surveys	30/11/2025	10.00€
Top Surveys	PayPal	Surveys	30/11/2025	2.00€
PrimeOpinion	Revolut	Surveys	30/11/2025	2.00€
HeyCash	PayPal	Surveys	30/11/2025	3.00€
AttaPoll	PayPal	Surveys	30/11/2025	14.02€
TikTok	Revolut	Social Media	30/11/2025	5.00€
beRuby	PayPal	Surveys	30/11/2025	10.00€
Bybit	ByBit	Cashback	28/11/2025	25.00€
Bybit	ByBit	Cashback	24/11/2025	25.00€
Bybit	ByBit	Cashback	24/11/2025	25.00€
Bybit	ByBit	Cashback	24/11/2025	25.00€
Bybit	ByBit	Cashback	24/11/2025	25.00€
Amazon	LetyShops	Cashback	22/11/2025	0.14€
Amazon	LetyShops	Cashback	22/11/2025	1.43€
Amazon	LetyShops	Cashback	22/11/2025	0.95€
Amazon	LetyShops	Cashback	22/11/2025	0.63€
Amazon	LetyShops	Cashback	22/11/2025	0.52€
TikTok	Revolut	Social Media	21/11/2025	10.00€
YouTube	Vale	Social Media	17/11/2025	8.00€
WhatYouExpect	Vale	Surveys	07/11/2025	5.00€
WhatYouExpect	Vale	Surveys	04/11/2025	5.00€
PrimeOpinion	Revolut	Surveys	31/10/2025	1.00€
AttaPoll	PayPal	Surveys	31/10/2025	16.18€
AttaPoll	PayPal	Surveys	31/10/2025	11.85€
HeyCash	PayPal	Surveys	31/10/2025	2.00€
MultiPolls	PayPal	Surveys	31/10/2025	7.00€
EarnStar	PayPal	Surveys	31/10/2025	10.09€
TEMU	LetyShops	Cashback	27/10/2025	1.53€
Amazon	LetyShops	Cashback	25/10/2025	15.65€
Amazon	LetyShops	Cashback	23/10/2025	1.03€
Amazon	LetyShops	Cashback	23/10/2025	0.32€
A Saideira	Curve	Cashback	20/10/2025	0.87€
Tymrest	Cetelem	Cashback	19/10/2025	0.55€
Bleap Quica	Bleap	Cashback	17/10/2025	8.80€
Amazon	LetyShops	Cashback	17/10/2025	0.29€
Amazon	LetyShops	Cashback	17/10/2025	4.16€
Wild Estimate	Cetelem	Cashback	16/10/2025	1.07€
SHEIN	Vale	Social Media	16/10/2025	3.00€
Mercadona	Cetelem	Cashback	14/10/2025	0.27€
Questionários Online	Vale	Surveys	13/10/2025	15.00€
Bitoque No Ponto	Cetelem	Cashback	10/10/2025	0.30€
Instagram	Vale	Social Media	10/10/2025	14.00€
Mercadona	Cetelem	Cashback	08/10/2025	0.34€
Sabores Mondego	Cetelem	Cashback	03/10/2025	0.30€
Continente	Cetelem	Cashback	03/10/2025	1.02€
Amazon	LetyShops	Cashback	03/10/2025	5.00€
Top Surveys	PayPal	Surveys	02/10/2025	5.00€
Booking	Bleap	Cashback	01/10/2025	8.80€
Bleap Quica	Bleap	Cashback	30/09/2025	8.80€
AttaPoll	PayPal	Surveys	30/09/2025	5.54€
PrimeOpinion	Revolut	Surveys	30/09/2025	1.00€
AttaPoll	PayPal	Surveys	30/09/2025	5.64€
HeyCash	PayPal	Surveys	30/09/2025	1.00€
EarnStar	PayPal	Surveys	30/09/2025	2.00€
SHEIN	MBWay	Social Media	30/09/2025	11.00€
Continente	Cetelem	Cashback	28/09/2025	1.78€
Campanhas	Vale	Social Media	25/09/2025	23.00€
Radar Consumo	Vale	Social Media	25/09/2025	5.00€
Radar Consumo	Vale	Social Media	25/09/2025	5.00€
Nicequest - Amazon	Vale	Surveys	24/09/2025	5.00€
A Saideira	Curve	Cashback	14/09/2025	0.38€
Baianinho	Curve	Cashback	14/09/2025	0.05€
Tubaraofotografo	Curve	Cashback	14/09/2025	0.04€
Aipo E Aipim	Curve	Cashback	14/09/2025	0.32€
Vagalume NSC	Curve	Cashback	14/09/2025	0.08€
Na Brasa Columbia	Curve	Cashback	14/09/2025	0.17€
Lojas Americanas	Curve	Cashback	14/09/2025	0.09€
Bela Ferraz Cosmeticos	Curve	Cashback	14/09/2025	0.06€
Banca do Moacir	Curve	Cashback	14/09/2025	0.07€
Carioca	Curve	Cashback	13/09/2025	0.09€
Drogaria Venancio	Curve	Cashback	13/09/2025	0.02€
K08 Bar E Lanchonete	Curve	Cashback	13/09/2025	0.31€
Metro Rj	Curve	Cashback	13/09/2025	0.01€
Kamal Kalaoun	Curve	Cashback	12/09/2025	0.33€
Metro Rj	Curve	Cashback	12/09/2025	0.01€
Cafe E Bar Azul	Curve	Cashback	12/09/2025	0.14€
Metro Rj	Curve	Cashback	12/09/2025	0.01€
Calcados Levani	Curve	Cashback	12/09/2025	0.22€
Beleza por 10 C	Curve	Cashback	12/09/2025	0.54€
Metro Rj	Curve	Cashback	11/09/2025	0.01€
Mcgv	Curve	Cashback	11/09/2025	0.06€
Bondinho Pao	Curve	Cashback	11/09/2025	0.32€
Bondinho Pao	Curve	Cashback	11/09/2025	0.32€
Zona Sul Fl 26	Curve	Cashback	10/09/2025	0.15€
Na Brasa Columbia	Curve	Cashback	10/09/2025	0.05€
Clube Melissa	Curve	Cashback	10/09/2025	0.72€
Metro Rj	Curve	Cashback	10/09/2025	0.01€
Oggi Pizza	Curve	Cashback	09/09/2025	0.44€
Kamal Kalaoun	Curve	Cashback	09/09/2025	0.19€
Yes Presentes	Curve	Cashback	09/09/2025	0.05€
Reizinho	Curve	Cashback	09/09/2025	0.07€
Metro Rj	Curve	Cashback	09/09/2025	0.01€
Frogpay	Curve	Cashback	09/09/2025	0.04€
Metro Rj	Curve	Cashback	09/09/2025	0.01€
Toca do Pe	Curve	Cashback	09/09/2025	0.06€
Toca do Pe	Curve	Cashback	09/09/2025	0.18€
Calcados Levani	Curve	Cashback	09/09/2025	0.14€
Metro Rj	Curve	Cashback	09/09/2025	0.01€
Lojas Americanas	Curve	Cashback	07/09/2025	0.01€
Airalo	Curve	Cashback	07/09/2025	0.22€
Bar E Restaurante Imac	Curve	Cashback	06/09/2025	0.05€
Lanchonete Rufos	Curve	Cashback	06/09/2025	0.12€
Botequimdapraia	Curve	Cashback	06/09/2025	0.04€
Rio Farma	Curve	Cashback	06/09/2025	0.04€
JOOM	MBWay	Social Media	04/09/2025	8.00€
EB	Bleap	Cashback	04/09/2025	1.56€
WhatYouExpect	Vale	Surveys	04/09/2025	5.00€
Rejuvemed	Bleap	Cashback	02/09/2025	6.80€
CP	Bleap	Cashback	02/09/2025	0.44€
beRuby	PayPal	Surveys	02/09/2025	10.00€
Cash Giraffe	PayPal	Surveys	31/08/2025	0.31€
HeyCash	PayPal	Surveys	31/08/2025	2.00€
HeyCash	PayPal	Surveys	31/08/2025	3.00€
MultiPolls	PayPal	Surveys	31/08/2025	7.00€
EarnStar	PayPal	Surveys	31/08/2025	8.00€
AttaPoll	PayPal	Surveys	31/08/2025	7.99€
AttaPoll	PayPal	Surveys	31/08/2025	8.74€
Bleap Quica	Bleap	Cashback	31/08/2025	8.80€
beRuby	PayPal	Surveys	29/08/2025	10.00€
Galp - Amazon	Vale	Social Media	26/08/2025	49.90€
Domino's Pizza	Cetelem	Cashback	23/08/2025	0.53€
TripAdvisor	MBWay	Social Media	22/08/2025	10.00€
AliExpress	LetyShops	Cashback	20/08/2025	0.10€
Temu	LetyShops	Cashback	19/08/2025	1.11€
Temu	Bleap	Cashback	17/08/2025	1.45€
Izakaya	Bleap	Cashback	17/08/2025	0.83€
Continente	Bleap	Cashback	17/08/2025	0.33€
SumUp	Bleap	Cashback	15/08/2025	0.18€
Vitaminas	Bleap	Cashback	15/08/2025	0.24€
Continente	Bleap	Cashback	15/08/2025	2.18€
Praxis	Bleap	Cashback	14/08/2025	1.71€
HOMA	Bleap	Cashback	13/08/2025	0.15€
HOMA	Bleap	Cashback	13/08/2025	0.55€
Inquérito Mastercard	Vale	Surveys	11/08/2025	20.00€
Mercadona	Bleap	Cashback	10/08/2025	0.35€
SumUp	Bleap	Cashback	08/08/2025	0.18€
Vitaminas	Bleap	Cashback	08/08/2025	0.40€
Nicequest - Amazon	Vale	Surveys	08/08/2025	5.00€
Block Code UAB	Cetelem	Cashback	04/08/2025	0.21€
Mania	Bleap	Cashback	03/08/2025	0.24€
Continente	Cetelem	Cashback	01/08/2025	0.53€
PrimeOpinion	Revolut	Surveys	31/07/2025	4.00€
AttaPoll	PayPal	Surveys	31/07/2025	8.70€
AttaPoll	PayPal	Surveys	31/07/2025	7.02€
HeyCash	PayPal	Surveys	31/07/2025	5.00€
MultiPolls	PayPal	Surveys	31/07/2025	7.00€
EarnStar	PayPal	Surveys	31/07/2025	5.00€
Bleap Quica	Bleap	Cashback	31/07/2025	7.66€
TEMU	LetyShops	Cashback	28/07/2025	0.43€
Instagram	MBWay	Social Media	25/07/2025	11.00€
TradeRepublic	Vale	Social Media	25/07/2025	10.00€
Continente	Cetelem	Cashback	21/07/2025	1.80€
Restaurante Olaias	Cetelem	Cashback	19/07/2025	2.22€
McDonalds	Cetelem	Cashback	19/07/2025	0.03€
Flights Booking	Bleap	Cashback	15/07/2025	6.64€
BCM Bricolagem	Curve	Cashback	15/07/2025	1.32€
EarnStar	PayPal	Surveys	14/07/2025	5.00€
Amazon	LetyShops	Cashback	14/07/2025	1.07€
Celeiro	Cetelem	Cashback	14/07/2025	1.00€
Jet 7 5	Cetelem	Cashback	13/07/2025	0.90€
Gallant Station	Cetelem	Cashback	13/07/2025	0.11€
Dominos Pizza	Cetelem	Cashback	12/07/2025	0.83€
Barbearia São José	Bleap	Cashback	11/07/2025	0.31€
Tomatino	Cetelem	Cashback	11/07/2025	0.53€
Prozis	Bleap	Cashback	10/07/2025	1.85€
Amazon	LetyShops	Cashback	09/07/2025	3.80€
Mercadona	Cetelem	Cashback	08/07/2025	1.60€
Mercadona	Curve	Cashback	08/07/2025	0.54€
Amazon	Curve	Cashback	08/07/2025	3.14€
Continente	Cetelem	Cashback	07/07/2025	1.24€
Continente	Curve	Cashback	07/07/2025	0.42€
Cash Giraffe	PayPal	Surveys	06/07/2025	0.50€
Nicequest - Amazon	Vale	Surveys	04/07/2025	5.00€
Amazon	Curve	Cashback	03/07/2025	0.86€
AttaPoll	PayPal	Surveys	30/06/2025	8.09€
AttaPoll	PayPal	Surveys	30/06/2025	10.32€
HeyCash	PayPal	Surveys	30/06/2025	9.00€
Bleap Quica	Bleap	Cashback	30/06/2025	7.76€
TradeRepublic	Vale	Social Media	30/06/2025	10.00€
beRuby	PayPal	Surveys	27/06/2025	10.00€
Shein	LetyShops	Cashback	27/06/2025	1.14€
TEMU	LetyShops	Cashback	26/06/2025	0.20€
Continente	Curve	Cashback	20/06/2025	0.02€
Continente	Cetelem	Cashback	20/06/2025	0.06€
Nicequest - Amazon	Vale	Surveys	18/06/2025	5.00€
AliExpress	LetyShops	Cashback	18/06/2025	0.14€
AliExpress	LetyShops	Cashback	18/06/2025	0.09€
AliExpress	LetyShops	Cashback	18/06/2025	0.14€
Booking	Curve	Cashback	16/06/2025	11.80€
BCM Bricolagem	Curve	Cashback	15/06/2025	2.84€
Continente	Curve	Cashback	15/06/2025	0.45€
Continente	Cetelem	Cashback	15/06/2025	1.33€
Continente	Cetelem	Cashback	13/06/2025	1.61€
Continente	Curve	Cashback	13/06/2025	0.54€
About You	LetyShops	Cashback	11/06/2025	5.84€
Flights Booking	Bleap	Cashback	11/06/2025	8.18€
CL	Bleap	Cashback	05/06/2025	0.62€
Sacoor Brothers	Cetelem	Cashback	05/06/2025	1.19€
BoutiquedeOpiniões	Vale	Surveys	04/06/2025	20.00€
MultiPolls	PayPal	Surveys	04/06/2025	7.00€
Moinho Velho	Cetelem	Cashback	03/06/2025	1.21€
Bleap Quica	Bleap	Cashback	31/05/2025	8.80€
HeyCash	PayPal	Surveys	31/05/2025	4.00€
AttaPoll	PayPal	Surveys	31/05/2025	11.80€
AttaPoll	PayPal	Surveys	31/05/2025	7.04€
Mercadona	Curve	Cashback	31/05/2025	0.22€
Mercadona	Cetelem	Cashback	31/05/2025	0.66€
Continente	Cetelem	Cashback	30/05/2025	1.46€
Portugalia	Cetelem	Cashback	30/05/2025	0.32€
Continente	Curve	Cashback	30/05/2025	0.48€
beRuby	PayPal	Surveys	30/05/2025	10.00€
Nicequest - Amazon	Vale	Surveys	28/05/2025	5.00€
PrimeOpinion	PayPal	Surveys	27/05/2025	5.00€
TEMU	LetyShops	Cashback	27/05/2025	0.78€
Amazon	LetyShops	Cashback	26/05/2025	1.24€
Amazon	LetyShops	Cashback	26/05/2025	0.17€
Amazon	LetyShops	Cashback	26/05/2025	0.94€
Amazon	LetyShops	Cashback	26/05/2025	0.82€
Leroy Merlin	Curve	Cashback	25/05/2025	0.28€
Amazon	LetyShops	Cashback	25/05/2025	4.51€
Moinho Velho	Cetelem	Cashback	25/05/2025	0.31€
Continente	Cetelem	Cashback	25/05/2025	2.72€
Continente	Curve	Cashback	24/05/2025	0.90€
Plaza Bistro Figueira	Cetelem	Cashback	23/05/2025	1.36€
Poll Pay	PayPal	Surveys	22/05/2025	5.00€
Uber Eats	Cetelem	Cashback	18/05/2025	0.63€
Mercadona	Cetelem	Cashback	17/05/2025	1.88€
Mercadona	Curve	Cashback	17/05/2025	0.63€
Nicequest - Amazon	Vale	Surveys	16/05/2025	5.00€
Continente	Cetelem	Cashback	13/05/2025	2.98€
Computador Pintor	MBWay	Social Media	10/05/2025	50.00€
Continente	Curve	Cashback	09/05/2025	1.00€
Amazon	LetyShops	Cashback	02/05/2025	3.45€
TradeInn	Bleap	Cashback	01/05/2025	1.63€
JYSK	Bleap	Cashback	01/05/2025	2.98€
AliExpress	Bleap	Cashback	01/05/2025	0.34€
Feira dos Colchões	Bleap	Cashback	01/05/2025	2.09€
AliExpress	LetyShops	Cashback	01/05/2025	0.15€
AliExpress	LetyShops	Cashback	01/05/2025	0.13€
AliExpress	LetyShops	Cashback	01/05/2025	0.39€
Amazon	LetyShops	Cashback	01/05/2025	0.65€
Wells Coimbra	Bleap	Cashback	01/05/2025	0.99€
Barbearia	Bleap	Cashback	01/05/2025	0.29€
Leroy Merlin	Bleap	Cashback	01/05/2025	0.48€
HeyCash	PayPal	Surveys	30/04/2025	3.00€
AttaPoll	PayPal	Surveys	30/04/2025	5.63€
AttaPoll	PayPal	Surveys	30/04/2025	3.09€
Amazon	Curve	Cashback	30/04/2025	0.20€
Areas Portugal	Cetelem	Cashback	29/04/2025	0.09€
Continente	Bleap	Cashback	28/04/2025	3.75€
Pluricosmetica	Bleap	Cashback	27/04/2025	0.07€
LIDL	Cetelem	Cashback	26/04/2025	1.88€
Leroy Merlin	Curve	Cashback	25/04/2025	0.14€
Amazon	LetyShops	Cashback	24/04/2025	1.34€
Laser	Bleap	Cashback	23/04/2025	4.82€
Amazon	Curve	Cashback	23/04/2025	1.18€
Curve - Oferta	Curve	Cashback	22/04/2025	5.90€
Amazon	LetyShops	Cashback	22/04/2025	0.24€
Nicequest - Amazon	Vale	Surveys	21/04/2025	5.00€
Continente	Cetelem	Cashback	19/04/2025	0.36€
Continente	Curve	Cashback	19/04/2025	0.12€
SHEIN	LetyShops	Cashback	17/04/2025	1.37€
Continente	Curve	Cashback	17/04/2025	0.35€
Amazon	Curve	Cashback	17/04/2025	0.83€
Amazon	Curve	Cashback	17/04/2025	0.17€
Booking	MBWay	Social Media	17/04/2025	3.00€
YouGov	TB	Surveys	17/04/2025	25.00€
Vita Forum Coimbra	Cetelem	Cashback	15/04/2025	0.40€
Akibaoo 7th	Curve	Cashback	14/04/2025	0.12€
Veloce	Curve	Cashback	14/04/2025	0.02€
Akky	Curve	Cashback	14/04/2025	0.33€
Ramutara Akibaraten	Curve	Cashback	14/04/2025	0.13€
Suica	Curve	Cashback	14/04/2025	0.19€
Donquijote Akihabara	Curve	Cashback	14/04/2025	0.13€
Suica	Curve	Cashback	14/04/2025	0.02€
Shinjiyukueki	Curve	Cashback	13/04/2025	0.14€
Okame	Curve	Cashback	12/04/2025	0.53€
Suica	Curve	Cashback	12/04/2025	0.06€
Picnicrand	Curve	Cashback	12/04/2025	0.06€
Sq*ipeople	Curve	Cashback	12/04/2025	0.06€
Sq*chermsidesandwich	Curve	Cashback	12/04/2025	0.26€
Matsumotokiyoshi	Curve	Cashback	12/04/2025	0.03€
Matsumotokiyoshi	Curve	Cashback	12/04/2025	0.71€
Familymart	Curve	Cashback	12/04/2025	0.01€
AliExpress	LetyShops	Cashback	12/04/2025	0.05€
AliExpress	LetyShops	Cashback	12/04/2025	0.05€
Suica	Curve	Cashback	11/04/2025	0.06€
Tokyodome City Laqua	Curve	Cashback	11/04/2025	0.06€
Tokyodome City Laqua	Curve	Cashback	11/04/2025	0.09€
Tokyodome City Laqua	Curve	Cashback	11/04/2025	0.06€
Koishikawakourakuen	Curve	Cashback	11/04/2025	0.04€
Seven-eleven	Curve	Cashback	11/04/2025	0.12€
Suica	Curve	Cashback	11/04/2025	0.06€
Jr East Shopping Cente	Curve	Cashback	10/04/2025	0.26€
Nihonbashitakashi	Curve	Cashback	10/04/2025	0.11€
Seven-eleven	Curve	Cashback	10/04/2025	0.08€
Rakuto	Curve	Cashback	09/04/2025	0.11€
Rinrokuen	Curve	Cashback	09/04/2025	0.13€
Rakuto	Curve	Cashback	09/04/2025	0.22€
Seven-eleven	Curve	Cashback	09/04/2025	0.08€
Kyobaamu Kiyomi	Curve	Cashback	09/04/2025	0.02€
Sp*here Kiyomizu	Curve	Cashback	09/04/2025	0.05€
Matsumotokiyoshi	Curve	Cashback	09/04/2025	0.07€
Familymart	Curve	Cashback	08/04/2025	0.05€
Lawson	Curve	Cashback	08/04/2025	0.08€
Suica	Curve	Cashback	08/04/2025	0.13€
Sp*benizuru	Curve	Cashback	08/04/2025	0.34€
Brandjungle	Curve	Cashback	08/04/2025	5.13€
Familymart	Curve	Cashback	08/04/2025	0.07€
JRC Smart Ex	Curve	Cashback	08/04/2025	1.71€
JRC Smart Ex	Curve	Cashback	08/04/2025	1.77€
Sococo	Curve	Cashback	08/04/2025	0.08€
Bonjour	Curve	Cashback	07/04/2025	0.15€
Uniqlo	Curve	Cashback	07/04/2025	0.09€
Tokyo Midtown	Curve	Cashback	07/04/2025	0.07€
Ippudo Roppongiten	Curve	Cashback	07/04/2025	0.34€
GIYUKATSU	Curve	Cashback	06/04/2025	0.31€
Ginkado	Curve	Cashback	06/04/2025	0.04€
Lawson	Curve	Cashback	06/04/2025	0.06€
Uobei Shibuya	Curve	Cashback	05/04/2025	0.18€
Sq*yurinan	Curve	Cashback	05/04/2025	0.04€
Picnicrand	Curve	Cashback	05/04/2025	0.05€
Roppongi Hills	Curve	Cashback	05/04/2025	0.13€
Roppongi Hills	Curve	Cashback	05/04/2025	0.12€
Matsumotokiyoshi	Curve	Cashback	05/04/2025	0.07€
Sp*roppongi	Curve	Cashback	04/04/2025	0.08€
Familymart	Curve	Cashback	04/04/2025	0.07€
Suica	Curve	Cashback	04/04/2025	0.22€
Primor	Bleap	Cashback	02/04/2025	0.14€
AliExpress	LetyShops	Cashback	02/04/2025	0.10€
Curve - Amazon	Curve	Cashback	02/04/2025	0.09€
HeyCash	PayPal	Surveys	31/03/2025	1.00€
AttaPoll	PayPal	Surveys	31/03/2025	3.22€
AttaPoll	PayPal	Surveys	31/03/2025	5.74€
Airalo	LetyShops	Cashback	31/03/2025	0.67€
Amazon	LetyShops	Cashback	31/03/2025	2.04€
Primor	Bleap	Cashback	28/03/2025	0.19€
Curve - Amazon	Curve	Cashback	27/03/2025	1.11€
Curve - Continente	Curve	Cashback	27/03/2025	0.11€
Curve - BCM Bricolage	Curve	Cashback	23/03/2025	0.19€
Tomatino	Cetelem	Cashback	22/03/2025	0.52€
Auchan	Cetelem	Cashback	22/03/2025	0.20€
Domino's Pizza	Cetelem	Cashback	22/03/2025	0.86€
Tomatino	Cetelem	Cashback	22/03/2025	0.29€
McDonalds	Cetelem	Cashback	22/03/2025	0.05€
Sabores da Romeira	Cetelem	Cashback	22/03/2025	1.50€
Primor	Bleap	Cashback	22/03/2025	0.04€
Curve - Continente	Curve	Cashback	22/03/2025	1.04€
Primor	LetyShops	Cashback	20/03/2025	1.14€
AliExpress	Bleap	Cashback	20/03/2025	0.23€
Mercadona	Cetelem	Cashback	20/03/2025	0.45€
AliExpress	LetyShops	Cashback	19/03/2025	0.03€
Amazon	LetyShops	Cashback	19/03/2025	0.64€
Curve - Oferta	Curve	Cashback	18/03/2025	5.90€
AliExpress	LetyShops	Cashback	17/03/2025	0.01€
AliExpress	LetyShops	Cashback	17/03/2025	0.09€
AliExpress	LetyShops	Cashback	17/03/2025	0.09€
AliExpress	LetyShops	Cashback	17/03/2025	0.06€
Curve - Mercadona	Curve	Cashback	17/03/2025	0.15€
Curve - Amazon	Curve	Cashback	17/03/2025	0.02€
Tomatino	Cetelem	Cashback	14/03/2025	0.54€
Tomatino	Cetelem	Cashback	14/03/2025	0.31€
H3 Fórum	Cetelem	Cashback	14/03/2025	0.30€
Poke Mania Bowls	Cetelem	Cashback	14/03/2025	0.31€
Continente	Cetelem	Cashback	14/03/2025	1.68€
Curve - Continente	Curve	Cashback	14/03/2025	0.07€
Restaurante MA	Cetelem	Cashback	14/03/2025	5.34€
Dominos Pizza	Cetelem	Cashback	14/03/2025	0.72€
Amazon	LetyShops	Cashback	12/03/2025	0.67€
Curve - BCM Bricolage	Curve	Cashback	09/03/2025	0.99€
Curve - PD Mealhada	Curve	Cashback	07/03/2025	0.12€
Curve - PD Mealhada	Curve	Cashback	07/03/2025	0.05€
Curve - Cashwww (Amazon)	Curve	Cashback	06/03/2025	0.09€
Curve - BCM Bricolage	Curve	Cashback	03/03/2025	0.18€
Curve - Continente	Curve	Cashback	02/03/2025	0.54€
AliExpress	LetyShops	Cashback	01/03/2025	0.08€
AliExpress	LetyShops	Cashback	01/03/2025	0.02€
AliExpress	LetyShops	Cashback	01/03/2025	0.24€
AliExpress	LetyShops	Cashback	01/03/2025	0.03€
AliExpress	LetyShops	Cashback	01/03/2025	0.09€
AliExpress	LetyShops	Cashback	01/03/2025	0.27€
Curve - BCM Bricolage	Curve	Cashback	01/03/2025	0.35€
Instagram	MBWay	Social Media	01/03/2025	13.00€
beRuby	PayPal	Surveys	01/03/2025	10.00€
HeyCash	PayPal	Surveys	28/02/2025	1.00€
HeyCash	PayPal	Surveys	28/02/2025	2.00€
AttaPoll	PayPal	Surveys	28/02/2025	6.79€
AttaPoll	PayPal	Surveys	28/02/2025	3.99€
Poll Pay	PayPal	Surveys	27/02/2025	5.00€
Curve - Continente	Curve	Cashback	26/02/2025	0.01€
Curve - BCM Bricolage	Curve	Cashback	23/02/2025	0.18€
Curve - BCM Bricolage	Curve	Cashback	22/02/2025	0.96€
Curve - Pingo Doce	Curve	Cashback	20/02/2025	0.26€
Nicequest - Amazon	Vale	Surveys	20/02/2025	5.00€
AliExpress	LetyShops	Cashback	17/02/2025	0.02€
AliExpress	LetyShops	Cashback	17/02/2025	0.02€
AliExpress	LetyShops	Cashback	17/02/2025	0.04€
AliExpress	LetyShops	Cashback	17/02/2025	0.02€
AliExpress	LetyShops	Cashback	17/02/2025	0.02€
AliExpress	LetyShops	Cashback	17/02/2025	0.02€
AliExpress	LetyShops	Cashback	17/02/2025	0.06€
AliExpress	LetyShops	Cashback	17/02/2025	0.35€
AliExpress	LetyShops	Cashback	17/02/2025	0.28€
Curve - Pingo Doce	Curve	Cashback	15/02/2025	0.09€
Curve - Mercadona	Curve	Cashback	15/02/2025	0.24€
Curve - Continente	Curve	Cashback	14/02/2025	0.30€
Curve - BCM Bricolage	Curve	Cashback	12/02/2025	0.48€
Miravia PT	LetyShops	Cashback	11/02/2025	0.20€
Miravia PT	LetyShops	Cashback	11/02/2025	0.51€
Miravia PT	LetyShops	Cashback	11/02/2025	0.51€
Miravia PT	LetyShops	Cashback	11/02/2025	0.51€
Curve - Booking	Curve	Cashback	10/02/2025	0.53€
Curve - Continente	Curve	Cashback	09/02/2025	0.09€
Curve - Continente	Curve	Cashback	09/02/2025	0.21€
Curve - Continente	Curve	Cashback	09/02/2025	0.20€
Curve - Continente	Curve	Cashback	09/02/2025	0.34€
Curve - Pingo Doce	Curve	Cashback	07/02/2025	0.18€
Curve - Continente	Curve	Cashback	31/01/2025	0.13€
Amazon	LetyShops	Cashback	31/01/2025	0.76€
HeyCash	PayPal	Surveys	31/01/2025	1.00€
AttaPoll	PayPal	Surveys	30/01/2025	4.97€
AttaPoll	PayPal	Surveys	30/01/2025	4.96€
HeyCash	PayPal	Surveys	30/01/2025	2.00€
MultiPolls	PayPal	Surveys	30/01/2025	7.00€
Nicequest - Amazon	Vale	Surveys	30/01/2025	5.00€
Curve - MEO	Curve	Cashback	30/01/2025	0.44€
Curve - Booking	Curve	Cashback	26/01/2025	1.06€
Curve - Booking	Curve	Cashback	26/01/2025	11.80€
Curve - Pingo Doce	Curve	Cashback	23/01/2025	0.14€
Curve - LIDL	Curve	Cashback	18/01/2025	0.11€
Curve - Pingo Doce	Curve	Cashback	17/01/2025	0.13€
Curve - Pingo Doce	Curve	Cashback	17/01/2025	0.02€
Curve - Pingo Doce	Curve	Cashback	15/01/2025	0.17€
Curve - Continente	Curve	Cashback	10/01/2025	0.27€
Curve - Continente	Curve	Cashback	10/01/2025	0.09€
beRuby	TB	Surveys	10/01/2025	10.00€
Curve - Pingo Doce	Curve	Cashback	09/01/2025	0.15€
beRuby	PayPal	Surveys	09/01/2025	10.00€
Curve - Pingo Doce	Curve	Cashback	08/01/2025	0.05€
Curve - Pingo Doce	Curve	Cashback	08/01/2025	0.07€
Europcar	LetyShops	Cashback	08/01/2025	5.65€
Booking	MBWay	Social Media	06/01/2025	5.00€
Booking	MBWay	Social Media	05/01/2025	10.00€
Booking Cashback	Booking Wallet	Cashback	05/01/2025	4.85€
Curve - Pingo Doce	Curve	Cashback	05/01/2025	0.14€
LetyShops	LetyShops	Cashback	03/01/2025	-0.13€
Curve - Continente	Curve	Cashback	03/01/2025	0.04€
IMDb	MBWay	Social Media	02/01/2025	22.00€
MultiPolls	PayPal	Surveys	31/12/2024	7.00€
HeyCash	PayPal	Surveys	31/12/2024	2.00€
HeyCash	PayPal	Surveys	31/12/2024	1.00€
HeyCash	PayPal	Surveys	31/12/2024	2.00€
AttaPoll	PayPal	Surveys	31/12/2024	8.63€
Pret A Manger - PLN	Plutus	Cashback	31/12/2024	1.62€
Euro Disney - PLN	Plutus	Cashback	31/12/2024	1.51€
Euro Disney - PLN	Plutus	Cashback	31/12/2024	0.99€
McDonalds - PLN	Plutus	Cashback	31/12/2024	1.58€
Euro Disney - PLN	Plutus	Cashback	31/12/2024	0.98€
Euro Disney - PLN	Plutus	Cashback	30/12/2024	0.61€
RATP - PLN	Plutus	Cashback	30/12/2024	0.84€
RATP - PLN	Plutus	Cashback	30/12/2024	0.80€
RATP - PLN	Plutus	Cashback	30/12/2024	0.35€
Euro Disney - PLN	Plutus	Cashback	30/12/2024	2.74€
Disney - PLN	Plutus	Cashback	29/12/2024	2.40€
Franprix - PLN	Plutus	Cashback	29/12/2024	1.06€
Pingo Doce - PLN	Plutus	Cashback	29/12/2024	0.42€
Pingo Doce - PLN	Plutus	Cashback	29/12/2024	0.46€
Monisqui - PLN	Plutus	Cashback	28/12/2024	7.97€
Curve - Pingo Doce	Curve	Cashback	27/12/2024	0.06€
Curve - Pingo Doce	Curve	Cashback	27/12/2024	0.05€
MEO - PLN	Plutus	Cashback	26/12/2024	3.15€
Staples - PLN	Plutus	Cashback	26/12/2024	0.16€
Porto Editora - PLN	Plutus	Cashback	25/12/2024	1.88€
Barbearia São José - PLN	Plutus	Cashback	25/12/2024	1.21€
Curve - MEO	Curve	Cashback	24/12/2024	0.40€
Uber - PLN	Plutus	Cashback	24/12/2024	0.22€
Pátio da Casqueira - PLN	Plutus	Cashback	23/12/2024	4.17€
Osteria 44 - PLN	Plutus	Cashback	23/12/2024	2.97€
Chico dos Filhos - PLN	Plutus	Cashback	21/12/2024	1.85€
Anda Seculo - PLN	Plutus	Cashback	20/12/2024	1.38€
Moinho Velho - PLN	Plutus	Cashback	20/12/2024	0.12€
Amazon - PLN	Plutus	Cashback	20/12/2024	10.10€
Pingo Doce - PLN	Plutus	Cashback	19/12/2024	0.74€
Leroy Merlin - PLN	Plutus	Cashback	18/12/2024	6.03€
Curve - Pingo Doce	Curve	Cashback	17/12/2024	0.11€
Praxis - PLN	Plutus	Cashback	17/12/2024	1.91€
Santander	Santander	Cashback	15/12/2024	8.18€
Curve - Pingo Doce	Curve	Cashback	15/12/2024	0.11€
Curve - Pingo Doce	Curve	Cashback	15/12/2024	0.01€
Curve - Continente	Curve	Cashback	15/12/2024	0.51€
Anda Seculo - PLN	Plutus	Cashback	16/12/2024	0.51€
Sabores Mondego - PLN	Plutus	Cashback	16/12/2024	0.66€
Continente - PLN	Plutus	Cashback	16/12/2024	3.16€
Pingo Doce - PLN	Plutus	Cashback	16/12/2024	0.13€
Plutus Perk (Pingo Doce)	Plutus	Cashback	16/12/2024	18.01€
Plutus Perk (Pingo Doce)	Plutus	Cashback	16/12/2024	2.90€
Farmacia Barros - PLN	Plutus	Cashback	15/12/2024	0.84€
Tomatino - PLN	Plutus	Cashback	15/12/2024	1.04€
BIRD - PLN	Plutus	Cashback	14/12/2024	0.09€
VIVA PORTO - PLN	Plutus	Cashback	14/12/2024	2.52€
Restaurante O Diplomata - PLN	Plutus	Cashback	14/12/2024	2.18€
MIIO Electric - PLN	Plutus	Cashback	14/12/2024	1.20€
MIIO Electric - PLN	Plutus	Cashback	14/12/2024	1.68€
MIIO Electric - PLN	Plutus	Cashback	14/12/2024	1.20€
Auchan - PLN	Plutus	Cashback	14/12/2024	0.14€
Pingo Doce Mealhada - PLN	Plutus	Cashback	14/12/2024	0.02€
Uber - PLN	Plutus	Cashback	14/12/2024	0.16€
Hoteis Bom Jesus - PLN	Plutus	Cashback	14/12/2024	0.09€
Sabor Sorrateiro - PLN	Plutus	Cashback	14/12/2024	0.07€
Ciccoria Avenida - PLN	Plutus	Cashback	14/12/2024	0.68€
Freedom Serviced - PLN	Plutus	Cashback	14/12/2024	0.48€
Uber - PLN	Plutus	Cashback	14/12/2024	0.19€
Auchan - PLN	Plutus	Cashback	14/12/2024	0.004€
Parfois - PLN	Plutus	Cashback	14/12/2024	1.09€
Continente - PLN	Plutus	Cashback	14/12/2024	12.99€
Plutus Perk (Continente)	Plutus	Cashback	14/12/2024	17.00€
CP - PLN	Plutus	Cashback	14/12/2024	2.80€
Brisa - PLN	Plutus	Cashback	14/12/2024	0.16€
CP - PLN	Plutus	Cashback	14/12/2024	0.93€
CP - PLN	Plutus	Cashback	14/12/2024	1.28€
Uber - PLN	Plutus	Cashback	14/12/2024	0.26€
A1 Vil - PLN	Plutus	Cashback	14/12/2024	0.05€
Metro Lisboa - PLN	Plutus	Cashback	14/12/2024	0.11€
CP - PLN	Plutus	Cashback	14/12/2024	2.79€
Hospital da Luz - PLN	Plutus	Cashback	14/12/2024	0.21€
CHRONOPOST DPD - PLN	Plutus	Cashback	14/12/2024	1.28€
MEO - PLN	Plutus	Cashback	14/12/2024	1.62€
Porto Editora - PLN	Plutus	Cashback	14/12/2024	0.25€
Plutus Perk (Continente)	Plutus	Cashback	14/12/2024	2.99€
As Tibias - PLN	Plutus	Cashback	14/12/2024	0.10€
As Tibias - PLN	Plutus	Cashback	14/12/2024	0.10€
TEMU - PLN	Plutus	Cashback	14/12/2024	0.99€
Plutus Perk (Curve)	Plutus	Cashback	11/12/2024	17.45€
Curve - MEO	Curve	Cashback	09/12/2024	2.21€
Nicequest - Amazon	Vale	Surveys	06/12/2024	5.00€
Uber - PLN	Plutus	Cashback	05/12/2024	0.31€
Plutus Perk (Uber)	Plutus	Cashback	05/12/2024	12.92€
Booking	MBWay	Social Media	03/12/2024	5.00€
Plutus Perk (Pingo Doce) Bonus	Plutus	Cashback	03/12/2024	19.20€
Curve - MEO	Curve	Cashback	02/12/2024	0.26€
Curve - Pingo Doce	Curve	Cashback	02/12/2024	0.09€
Pingo Doce Mealhada - PLN	Plutus	Cashback	02/12/2024	0.56€
Plutus Perk (Uber)	Plutus	Cashback	01/12/2024	5.26€
Pepe Jeans - PLN	Plutus	Cashback	01/12/2024	3.86€
TikTok	MBWay	Social Media	01/12/2024	10.00€
AttaPoll	MBWay	Surveys	30/11/2024	5.47€
HeyCash	PayPal	Surveys	30/11/2024	10.00€
HeyCash	PayPal	Surveys	30/11/2024	5.00€
AttaPoll	MBWay	Surveys	30/11/2024	5.00€
TikTok	MBWay	Social Media	30/11/2024	10.00€
Anda Seculo - PLN	Plutus	Cashback	29/11/2024	0.16€
Farmacia Barros - PLN	Plutus	Cashback	29/11/2024	1.11€
DPD - PLN	Plutus	Cashback	29/11/2024	1.40€
Barbearia São José - PLN	Plutus	Cashback	29/11/2024	0.84€
CP - PLN	Plutus	Cashback	29/11/2024	0.78€
Leroy Merlin - PLN	Plutus	Cashback	29/11/2024	0.01€
Anda Seculo - PLN	Plutus	Cashback	29/11/2024	0.14€
Temu	LetyShops	Cashback	28/11/2024	2.33€
Booking	MBWay	Social Media	28/11/2024	6.00€
Pad Port Expo - PLN	Plutus	Cashback	28/11/2024	0.19€
Leroy Merlin - PLN	Plutus	Cashback	28/11/2024	0.73€
Blending Secrets - PLN	Plutus	Cashback	28/11/2024	0.37€
Metro Lisboa - PLN	Plutus	Cashback	28/11/2024	0.10€
Bolt - PLN	Plutus	Cashback	28/11/2024	0.22€
Metro Lisboa - PLN	Plutus	Cashback	28/11/2024	0.10€
Bolt - PLN	Plutus	Cashback	28/11/2024	0.24€
Metro Lisboa - PLN	Plutus	Cashback	28/11/2024	0.10€
Staples - PLN	Plutus	Cashback	28/11/2024	0.01€
AliExpress - PLN	Plutus	Cashback	28/11/2024	0.21€
Choupana Caffe - PLN	Plutus	Cashback	28/11/2024	0.06€
LXCOOKS - PLN	Plutus	Cashback	28/11/2024	0.61€
AUCHAN - PLN	Plutus	Cashback	28/11/2024	0.01€
Booking	MBWay	Social Media	27/11/2024	18.00€
Esdemarca.com - PLN	Plutus	Cashback	27/11/2024	3.64€
Dominos - PLN	Plutus	Cashback	27/11/2024	1.31€
FNAC - PLN	Plutus	Cashback	27/11/2024	0.11€
Anda Seculo - PLN	Plutus	Cashback	26/11/2024	0.56€
H3 - PLN	Plutus	Cashback	26/11/2024	1.26€
Springfield - PLN	Plutus	Cashback	26/11/2024	4.49€
MIIO Electric - PLN	Plutus	Cashback	25/11/2024	1.31€
LIDL - PLN	Plutus	Cashback	25/11/2024	0.33€
Plutus Perk (LIDL)	Plutus	Cashback	25/11/2024	22.22€
MIIO Electric - PLN	Plutus	Cashback	24/11/2024	3.47€
Ticketline - PLN	Plutus	Cashback	24/11/2024	2.23€
Rejuvemed - PLN	Plutus	Cashback	24/11/2024	1.87€
Continente - PLN	Plutus	Cashback	24/11/2024	0.70€
Tradeinn - PLN	Plutus	Cashback	24/11/2024	0.00€
IPBR Farmacias - PLN	Plutus	Cashback	23/11/2024	1.23€
Amazon - PLN	Plutus	Cashback	23/11/2024	1.55€
Dominos Pizza - PLN	Plutus	Cashback	23/11/2024	1.81€
Hospital da Luz - PLN	Plutus	Cashback	23/11/2024	1.89€
Hospital da Luz - PLN	Plutus	Cashback	23/11/2024	4.84€
Porto Arts Bar - PLN	Plutus	Cashback	23/11/2024	3.41€
Rest Canil Lisboa - PLN	Plutus	Cashback	23/11/2024	1.16€
MEO - PLN	Plutus	Cashback	23/11/2024	4.40€
Continente - PLN	Plutus	Cashback	23/11/2024	0.22€
Plutus Perk (Continente)	Plutus	Cashback	23/11/2024	24.84€
Curve - LIDL	Curve	Cashback	23/11/2024	0.14€
Curve - Continente	Curve	Cashback	22/11/2024	0.09€
Easy Jet - PLN	Plutus	Cashback	21/11/2024	24.82€
Paris Rooms - PLN	Plutus	Cashback	21/11/2024	48.87€
MEO - PLN	Plutus	Cashback	21/11/2024	2.86€
BOL - PLN	Plutus	Cashback	21/11/2024	3.30€
Booking - PLN	Plutus	Cashback	21/11/2024	5.65€
Booking - PLN	Plutus	Cashback	21/11/2024	6.42€
EuroDisney - PLN	Plutus	Cashback	21/11/2024	37.40€
Booking - PLN	Plutus	Cashback	21/11/2024	3.90€
Santander	Santander	Cashback	15/11/2024	1.25€
Instagram	MBWay	Social Media	13/11/2024	37.00€
Plutus Perk (Curve)	Plutus	Cashback	11/11/2024	26.12€
Curve - Continente	Curve	Cashback	11/11/2024	0.01€
Instagram	MBWay	Social Media	10/11/2024	5.00€
Temu	LetyShops	Cashback	07/11/2024	1.01€
Plutus Bonus	Plutus	Cashback	06/11/2024	28.80€
Test'em All	PayPal	Surveys	06/11/2024	0.25€
Nicequest - Amazon	Vale	Surveys	05/11/2024	5.00€
Nicequest - Amazon	Vale	Surveys	05/11/2024	5.00€
AliExpress	LetyShops	Cashback	05/11/2024	2.20€
beRuby	PayPal	Surveys	05/11/2024	10.00€
miio	Vale	Cashback	04/11/2024	20.00€
AttaPoll	PayPal	Surveys	31/10/2024	7.60€
AttaPoll	PayPal	Surveys	31/10/2024	8.23€
Poll Pay	PayPal	Surveys	31/10/2024	5.00€
Curve - MEO	Curve	Cashback	29/10/2024	0.58€
Plutus - Piti	Plutus - Piti	Cashback	29/10/2024	92.48€
Plutus Perk (Continente)	Plutus	Cashback	27/10/2024	22.22€
Curve - Continente	Curve	Cashback	25/10/2024	0.09€
Bulbshare	PayPal	Surveys	25/10/2024	31.00€
EXS Seguros	Vale	Cashback	25/10/2024	50.00€
TikTok	MBWay	Social Media	25/10/2024	11.00€
TikTok	MBWay	Social Media	24/10/2024	10.00€
Nicequest - Amazon	Vale	Surveys	22/10/2024	15.00€
Nicequest - Amazon	Vale	Surveys	21/10/2024	10.00€
SHEIN	LetyShops	Cashback	15/10/2024	3.28€
Santander	Santander	Cashback	15/10/2024	1.22€
AliExpress	LetyShops	Cashback	15/10/2024	0.28€
Notino	LetyShops	Cashback	14/10/2024	0.07€
SHEIN - PLN	Plutus	Cashback	12/10/2024	0.68€
Mercadona - PLN	Plutus	Cashback	12/10/2024	0.75€
Curve - Continente	Curve	Cashback	11/10/2024	0.13€
Plutus Perk (Curve)	Plutus	Cashback	11/10/2024	20.81€
Curve - Booking	Curve	Cashback	07/10/2024	0.80€
Curve - BP	Curve	Cashback	06/10/2024	0.08€
Curve - Booking	Curve	Cashback	05/10/2024	0.55€
Hospital da Luz - PLN	Plutus	Cashback	05/10/2024	1.56€
AliExpress	LetyShops	Cashback	01/10/2024	2.07€
Legumes e out vícios - PLN	Plutus	Cashback	01/10/2024	2.08€
Booking - PLN	Plutus	Cashback	01/10/2024	161.12€
Plutus Perk (Booking)	Plutus	Cashback	01/10/2024	18.43€
AttaPoll	Revolut	Surveys	30/09/2024	7.89€
AttaPoll	PayPal	Surveys	30/09/2024	12.69€
AliExpress	LetyShops	Cashback	30/09/2024	0.13€
Curve - MEO	Curve	Cashback	30/09/2024	0.40€
Ticketline - PLN	Plutus	Cashback	30/09/2024	3.93€
Booking - PLN	Plutus	Cashback	30/09/2024	5.20€
Spartoo - PLN	Plutus	Cashback	30/09/2024	4.34€
Curve - Booking	Curve	Cashback	29/09/2024	28.82€
Curve - Booking	Curve	Cashback	29/09/2024	0.91€
Plutus - Piti	Plutus - Piti	Cashback	29/09/2024	63.20€
Uber - PLN	Plutus	Cashback	29/09/2024	0.36€
Uber - PLN	Plutus	Cashback	28/09/2024	0.22€
Continente - PLN	Plutus	Cashback	28/09/2024	1.06€
Uber - PLN	Plutus	Cashback	28/09/2024	0.002€
Uber - PLN	Plutus	Cashback	28/09/2024	0.20€
Curve - Booking	Curve	Cashback	28/09/2024	0.91€
Pastelaria Gregório - PLN	Plutus	Cashback	27/09/2024	0.12€
Uber - PLN	Plutus	Cashback	27/09/2024	0.30€
Curve - Continente	Curve	Cashback	26/09/2024	0.20€
Amazon - PLN	Plutus	Cashback	26/09/2024	0.56€
Mida Service - PLN	Plutus	Cashback	25/09/2024	34.16€
BP - PLN	Plutus	Cashback	22/09/2024	2.33€
Sfera - PLN	Plutus	Cashback	22/09/2024	1.73€
Hospital da Luz - PLN	Plutus	Cashback	21/09/2024	5.15€
Curve - BP	Curve	Cashback	20/09/2024	0.39€
Ticketline - PLN	Plutus	Cashback	19/09/2024	2.64€
Instagram	MBWay	Social Media	19/09/2024	14.00€
Instagram	MBWay	Social Media	18/09/2024	24.00€
Amazon - PLN	Plutus	Cashback	18/09/2024	0.91€
Plutus Perk (Curve)	Plutus	Cashback	18/09/2024	20.08€
Plutus Perk (Galp)	Plutus	Cashback	18/09/2024	20.30€
Instagram	MBWay	Social Media	16/09/2024	44.00€
Plutus Referral - Bruno	Plutus	Cashback	31/08/2024	16.72€
Auchan - PLN	Plutus	Cashback	16/09/2024	0.01€
Companhia das Sandes - PLN	Plutus	Cashback	16/09/2024	0.17€
H3 - PLN	Plutus	Cashback	16/09/2024	1.24€
Tendenze - PLN	Plutus	Cashback	16/09/2024	3.24€
Santander	Santander	Cashback	15/09/2024	5.05€
Hector Cafe - PLN	Plutus	Cashback	14/09/2024	0.14€
Tania Bazar - PLN	Plutus	Cashback	14/09/2024	1.13€
CONAD - PLN	Plutus	Cashback	14/09/2024	0.45€
Tania Bazar - PLN	Plutus	Cashback	14/09/2024	0.59€
La Rinascente Cagliari - PLN	Plutus	Cashback	14/09/2024	2.24€
Tania Bazar - PLN	Plutus	Cashback	14/09/2024	0.09€
Smeet - PLN	Plutus	Cashback	14/09/2024	0.29€
Star srls - PLN	Plutus	Cashback	13/09/2024	1.71€
Trattoria Bella Roma - PLN	Plutus	Cashback	13/09/2024	1.62€
Bar the One - PLN	Plutus	Cashback	13/09/2024	0.17€
Panefratteria - PLN	Plutus	Cashback	13/09/2024	2.02€
Caffe La Piazza - PLN	Plutus	Cashback	13/09/2024	0.07€
CONAD - PLN	Plutus	Cashback	12/09/2024	0.56€
Aspo Olbia - PLN	Plutus	Cashback	12/09/2024	0.17€
Moka Service - PLN	Plutus	Cashback	12/09/2024	0.11€
Pepebianco - PLN	Plutus	Cashback	12/09/2024	1.93€
Barroseddu - PLN	Plutus	Cashback	12/09/2024	0.13€
Dorgali Ita - PLN	Plutus	Cashback	12/09/2024	0.03€
Rent Stern - PLN	Plutus	Cashback	12/09/2024	0.07€
Pirani - PLN	Plutus	Cashback	11/09/2024	0.16€
Smeet Cagliari - PLN	Plutus	Cashback	11/09/2024	0.17€
COSIR SRL - PLN	Plutus	Cashback	11/09/2024	6.64€
UBER - PLN	Plutus	Cashback	11/09/2024	0.76€
Smeet Cagliari - PLN	Plutus	Cashback	11/09/2024	0.45€
Booking - PLN	Plutus	Cashback	10/09/2024	3.66€
CONAD Cagliari - PLN	Plutus	Cashback	10/09/2024	0.56€
Caffe Roma - PLN	Plutus	Cashback	09/09/2024	0.16€
Ditta Salis - PLN	Plutus	Cashback	09/09/2024	0.15€
CONAD Santantioco - PLN	Plutus	Cashback	09/09/2024	0.41€
Gelizia SNC - PLN	Plutus	Cashback	09/09/2024	0.45€
Jungle Café Cagliari - PLN	Plutus	Cashback	09/09/2024	0.31€
Bar Centrale Cagliari - PLN	Plutus	Cashback	08/09/2024	0.33€
QUANTOBASTA RESTAURANTE - PLN	Plutus	Cashback	08/09/2024	1.32€
SOC SERVIZI SOMM - PLN	Plutus	Cashback	08/09/2024	0.30€
H3 - PLN	Plutus	Cashback	07/09/2024	0.45€
Ticketline - PLN	Plutus	Cashback	06/09/2024	1.81€
Tomatino - PLN	Plutus	Cashback	06/09/2024	0.43€
Barbearia São José - PLN	Plutus	Cashback	06/09/2024	0.75€
McDonalds - PLN	Plutus	Cashback	06/09/2024	0.40€
Curve - Booking	Curve	Cashback	07/09/2024	0.66€
Plutus Perk - Bonus (Galp)	Plutus	Cashback	05/09/2024	17.68€
Continente - PLN	Plutus	Cashback	05/09/2024	0.57€
Plutus Perk (Continente)	Plutus	Cashback	05/09/2024	17.02€
Galp Ademia - PLN	Plutus	Cashback	05/09/2024	2.29€
Poll Pay	PayPal	Surveys	05/09/2024	15.00€
Porto Editora - PLN	Plutus	Cashback	01/09/2024	0.86€
Curve - Continente	Curve	Cashback	01/09/2024	0.21€
AttaPoll	PayPal	Surveys	31/08/2024	4.32€
Vasco da Gama - PLN	Plutus	Cashback	30/08/2024	0.10€
MEO - PLN	Plutus	Cashback	30/08/2024	1.95€
Continente - PLN	Plutus	Cashback	30/08/2024	4.12€
Balance Café Portimão - PLN	Plutus	Cashback	30/08/2024	2.45€
CP - PLN	Plutus	Cashback	30/08/2024	2.21€
Tasca Maria - PLN	Plutus	Cashback	30/08/2024	3.03€
Exe Wellington - PLN	Plutus	Cashback	30/08/2024	1.80€
Booking CZ - PLN	Plutus	Cashback	28/08/2024	13.15€
National Theatre CZ - PLN	Plutus	Cashback	28/08/2024	5.49€
EasyJet - PLN	Plutus	Cashback	28/08/2024	26.56€
SHEIN	LetyShops	Cashback	27/08/2024	0.18€
Curve - MEO	Curve	Cashback	26/08/2024	0.41€
Plutus - Piti	Plutus - Piti	Cashback	26/08/2024	63.96€
Gelataria Alvor - PLN	Plutus	Cashback	26/08/2024	0.50€
Brisa Área Serviço - PLN	Plutus	Cashback	26/08/2024	0.40€
A12 Setúbal - PLN	Plutus	Cashback	26/08/2024	1.18€
SumUp Sombra Exemplar - PLN	Plutus	Cashback	26/08/2024	0.26€
WYNDHAM ALVOR BEACH - PLN	Plutus	Cashback	26/08/2024	0.83€
Curve - Continente	Curve	Cashback	26/08/2024	0.87€
A S Av Berlim - PLN	Plutus	Cashback	25/08/2024	2.35€
Ao pé das letras - PLN	Plutus	Cashback	25/08/2024	0.57€
Booking - PLN	Plutus	Cashback	25/08/2024	3.87€
Metro Lisboa - PLN	Plutus	Cashback	24/08/2024	0.05€
Metro Lisboa - PLN	Plutus	Cashback	24/08/2024	0.06€
Curve - Booking	Curve	Cashback	23/08/2024	2.70€
Lusoponte - PLN	Plutus	Cashback	21/08/2024	0.18€
VIP INN Berna Hotel - PLN	Plutus	Cashback	20/08/2024	0.23€
A2 Albufeira - PLN	Plutus	Cashback	18/08/2024	1.21€
Santander	Santander	Cashback	15/08/2024	2.29€
Staples - PLN	Plutus	Cashback	14/08/2024	0.01€
Curve - Booking	Curve	Cashback	12/08/2024	0.76€
AliPay - PLN	Plutus	Cashback	11/08/2024	0.42€
Galp - PLN	Plutus	Cashback	11/08/2024	2.61€
Plutus Perk (Curve)	Plutus	Cashback	11/08/2024	19.21€
5aSec - PLN	Plutus	Cashback	08/08/2024	1.24€
Continente - PLN	Plutus	Cashback	08/08/2024	2.79€
Mania Poke Bowls - PLN	Plutus	Cashback	08/08/2024	1.43€
Margarida Restaurante - PLN	Plutus	Cashback	08/08/2024	2.15€
Sabores do Mondego - PLN	Plutus	Cashback	08/08/2024	0.54€
Plutus Perk (Uber)	Plutus	Cashback	08/08/2024	21.16€
McDonalds - PLN	Plutus	Cashback	08/08/2024	0.38€
PICSIL - PLN	Plutus	Cashback	08/08/2024	5.08€
AttaPoll	PayPal	Surveys	07/08/2024	3.01€
AttaPoll	PayPal	Surveys	06/08/2024	2.83€
AttaPoll	PayPal	Surveys	05/08/2024	3.58€
beRuby	PayPal	Surveys	05/08/2024	10.00€
AliExpress	LetyShops	Cashback	03/08/2024	0.08€
AliExpress	LetyShops	Cashback	03/08/2024	0.39€
Continente - PLN	Plutus	Cashback	03/08/2024	0.05€
MEO - PLN	Plutus	Cashback	03/08/2024	2.17€
Continente - PLN	Plutus	Cashback	03/08/2024	1.27€
Plutus Perk (Amazon)	Plutus	Cashback	03/08/2024	18.02€
Almedina - PLN	Plutus	Cashback	03/08/2024	0.81€
Curve - Continente	Curve	Cashback	02/08/2024	0.48€
Curve - Continente	Curve	Cashback	01/08/2024	0.25€
Curve - MEO	Curve	Cashback	01/08/2024	0.41€
Continente - PLN	Plutus	Cashback	01/08/2024	0.81€
Plutus Perk (Continente)	Plutus	Cashback	01/08/2024	15.27€
Manjar do Retiro - PLN	Plutus	Cashback	01/08/2024	2.19€
Zippy - PLN	Plutus	Cashback	01/08/2024	2.48€
BOL - PLN	Plutus	Cashback	01/08/2024	2.46€
Plutus Perk - Bonus (Galp)	Plutus	Cashback	01/08/2024	12.12€
Instagram	MBWay	Social Media	31/07/2024	6.00€
Continente - PLN	Plutus	Cashback	29/07/2024	0.61€
Plutus Perk (Continente)	Plutus	Cashback	29/07/2024	14.81€
Curve - Continente	Curve	Cashback	26/07/2024	0.20€
Curve - Continente	Curve	Cashback	26/07/2024	0.28€
Pingo Doce - PLN	Plutus	Cashback	26/07/2024	0.34€
Plutus Perk (Pingo Doce)	Plutus	Cashback	26/07/2024	14.55€
Plutus - Piti	Plutus - Piti	Cashback	26/07/2024	48.40€
AttaPoll	PayPal	Surveys	26/07/2024	2.55€
Tomatino - PLN	Plutus	Cashback	25/07/2024	0.48€
Curve - Pingo Doce	Curve	Cashback	24/07/2024	0.17€
AttaPoll	PayPal	Surveys	22/07/2024	3.43€
Choupana - PLN	Plutus	Cashback	19/07/2024	0.99€
Santander	Santander	Cashback	16/07/2024	1.25€
Curve - Continente	Curve	Cashback	16/07/2024	0.01€
AttaPoll	PayPal	Surveys	15/07/2024	2.51€
YouGov	TB	Surveys	15/07/2024	25.00€
Galp - PLN	Plutus	Cashback	15/07/2024	2.83€
CP - PLN	Plutus	Cashback	14/07/2024	2.64€
Praxis - PLN	Plutus	Cashback	14/07/2024	10.49€
McDonalds - PLN	Plutus	Cashback	13/07/2024	0.31€
Plutus Perk (McDonalds)	Plutus	Cashback	13/07/2024	0.94€
Barbearia S. José - PLN	Plutus	Cashback	12/07/2024	0.79€
Plutus Perk (Curve)	Plutus	Cashback	11/07/2024	14.22€
Notino	LetyShops	Cashback	10/07/2024	0.26€
Bertrand - PLN	Plutus	Cashback	10/07/2024	1.20€
Sabores do Mondego - PLN	Plutus	Cashback	10/07/2024	0.99€
Heaven Sleepy - PLN	Plutus	Cashback	09/07/2024	2.92€
LIDL - PLN	Plutus	Cashback	09/07/2024	0.76€
Plutus Perk (LIDL)	Plutus	Cashback	09/07/2024	13.99€
Orquestra dos Sabores - PLN	Plutus	Cashback	09/07/2024	0.09€
Cismanso - PLN	Plutus	Cashback	08/07/2024	0.17€
Curve - LIDL	Curve	Cashback	07/07/2024	0.24€
Cismanso - PLN	Plutus	Cashback	07/07/2024	2.31€
Cismanso - PLN	Plutus	Cashback	07/07/2024	11.80€
TymRest - PLN	Plutus	Cashback	07/07/2024	0.45€
Booking - PLN	Plutus	Cashback	06/07/2024	27.56€
Booking Cars - PLN	Plutus	Cashback	06/07/2024	10.85€
Plutus Perk (Booking)	Plutus	Cashback	06/07/2024	13.20€
Ticketline - PLN	Plutus	Cashback	05/07/2024	1.54€
Vitaminas - PLN	Plutus	Cashback	05/07/2024	0.64€
Curve - Cars Booking	Curve	Cashback	04/07/2024	0.85€
AttaPoll	PayPal	Surveys	04/07/2024	3.06€
AttaPoll	PayPal	Surveys	04/07/2024	2.96€
Galp Ademia - PLN	Plutus	Cashback	03/07/2024	1.81€
Plutus Perk (McDonalds)	Plutus	Cashback	03/07/2024	11.37€
Forneria - PLN	Plutus	Cashback	01/07/2024	2.10€
Vista Alegre - PLN	Plutus	Cashback	01/07/2024	0.68€
Vista Alegre - PLN	Plutus	Cashback	01/07/2024	3.05€
Sabores do Mondego - PLN	Plutus	Cashback	30/06/2024	0.87€
Buganço - PLN	Plutus	Cashback	30/06/2024	3.35€
Ticketline - PLN	Plutus	Cashback	30/06/2024	2.23€
Continente - PLN	Plutus	Cashback	30/06/2024	0.64€
Curve - Booking	Curve	Cashback	29/06/2024	5.39€
SHEIN - PLN	Plutus	Cashback	29/06/2024	1.40€
Curve - Continente	Curve	Cashback	28/06/2024	0.13€
H3 - PLN	Plutus	Cashback	28/06/2024	0.56€
SHEIN	LetyShops	Cashback	27/06/2024	0.32€
MEO - PLN	Plutus	Cashback	27/06/2024	1.96€
AttaPoll	PayPal	Surveys	26/06/2024	2.76€
RYANAIR - PLN	Plutus	Cashback	26/06/2024	30.60€
AttaPoll	PayPal	Surveys	25/06/2024	3.59€
JD Sports	LetyShops	Cashback	25/06/2024	1.31€
Curve - MEO	Curve	Cashback	25/06/2024	0.41€
Plutus - Piti	Plutus - Piti	Cashback	25/06/2024	40.52€
ALDI - PLN	Plutus	Cashback	25/06/2024	0.09€
Plutus Perk (ALDI)	Plutus	Cashback	25/06/2024	11.56€
LIDL - PLN	Plutus	Cashback	25/06/2024	0.11€
Plutus Perk (LIDL)	Plutus	Cashback	25/06/2024	10.58€
Booking	MBWay	Social Media	24/06/2024	4.00€
Curve - Continente	Curve	Cashback	23/06/2024	0.13€
Continente - PLN	Plutus	Cashback	23/06/2024	0.46€
Booking	MBWay	Social Media	23/06/2024	11.00€
TikTok	MBWay	Social Media	19/06/2024	3.00€
Continente - PLN	Plutus	Cashback	18/06/2024	3.57€
H3 - PLN	Plutus	Cashback	18/06/2024	1.02€
Leroy Merlin - PLN	Plutus	Cashback	18/06/2024	0.03€
Nicequest	Vale	Surveys	17/06/2024	25.00€
Curve - Pingo Doce	Curve	Cashback	16/06/2024	0.78€
McDonalds - PLN	Plutus	Cashback	15/06/2024	0.43€
Primark - PLN	Plutus	Cashback	15/06/2024	0.95€
Poke Bowls - PLN	Plutus	Cashback	15/06/2024	0.52€
Clinica Sta Madalena - PLN	Plutus	Cashback	15/06/2024	0.94€
SHEIN	LetyShops	Cashback	15/06/2024	0.56€
Santander	Santander	Cashback	15/06/2024	2.56€
JD Sports	LetyShops	Cashback	14/06/2024	1.57€
Poll Pay	PayPal	Surveys	14/06/2024	10.00€
Leroy Merlin - PLN	Plutus	Cashback	13/06/2024	1.51€
Poll Pay	PayPal	Surveys	12/06/2024	10.00€
AttaPoll	PayPal	Surveys	11/06/2024	3.31€
AttaPoll	PayPal	Surveys	11/06/2024	4.16€
Plutus Perk (Curve)	Plutus	Cashback	11/06/2024	11.04€
Leroy Merlin - PLN	Plutus	Cashback	11/06/2024	0.73€
Bagga - PLN	Plutus	Cashback	10/06/2024	0.21€
Uber Eats - PLN	Plutus	Cashback	09/06/2024	1.08€
NOBULL - PLN	Plutus	Cashback	08/06/2024	6.28€
Worten - PLN	Plutus	Cashback	07/06/2024	23.00€
Worten (Máquina Lavar)	LetyShops	Cashback	06/06/2024	10.00€
Worten (Switch)	LetyShops	Cashback	06/06/2024	0.29€
beRuby	PayPal	Surveys	05/06/2024	10.00€
Continente - PLN	Plutus	Cashback	05/06/2024	2.86€
Continente - PLN	Plutus	Cashback	05/06/2024	1.18€
Plutus Perk (Continente)	Plutus	Cashback	05/06/2024	10.15€
Delitruques - PLN	Plutus	Cashback	05/06/2024	0.18€
Galp - PLN	Plutus	Cashback	04/06/2024	2.02€
Plutus Perk (Galp) (BN)	Plutus	Cashback	04/06/2024	10.28€
NOBULL - PLN	Plutus	Cashback	04/06/2024	20.54€
Worten - PLN	Plutus	Cashback	04/06/2024	0.52€
Pingo Doce - PLN	Plutus	Cashback	04/06/2024	0.06€
Plutus Perk (Pingo Doce)	Plutus	Cashback	04/06/2024	10.23€
AttaPoll	PayPal	Surveys	03/06/2024	4.81€
Mercadona - PLN	Plutus	Cashback	03/06/2024	0.90€
Plutus Perk (Mercadona)	Plutus	Cashback	03/06/2024	10.23€
Curve - Pingo Doce	Curve	Cashback	01/06/2024	0.12€
Curve - Mercadona	Curve	Cashback	01/06/2024	0.32€
Poll Pay	PayPal	Surveys	01/06/2024	10.00€
Booking Cashback	Deco+	Cashback	01/06/2024	6.50€
Curve - Continente	Curve	Cashback	30/05/2024	0.40€
Spotify	MBWay	Social Media	30/05/2024	12.00€
TikTok	MBWay	Social Media	29/05/2024	6.00€
TikTok	MBWay	Social Media	29/05/2024	5.00€
Curve - Continente	Curve	Cashback	28/05/2024	0.72€
AttaPoll - Piti	PayPal	Surveys	28/05/2024	3.80€
TikTok	MBWay	Social Media	28/05/2024	3.00€
MEO - PLN	Plutus	Cashback	25/05/2024	1.57€
Modern Mystery - PLN	Plutus	Cashback	25/05/2024	0.54€
Plutus - Piti	Plutus - Piti	Cashback	24/05/2024	17.32€
Modern Mystery - PLN	Plutus	Cashback	24/05/2024	0.20€
Pingo Doce - PLN	Plutus	Cashback	24/05/2024	0.12€
Plutus Perk (Pingo Doce)	Plutus	Cashback	24/05/2024	9.62€
Curve - MEO	Curve	Cashback	23/05/2024	0.41€
TikTok	MBWay	Social Media	20/05/2024	33.00€
Plutus Perk (Booking)	Plutus	Cashback	19/05/2024	10.15€
Booking - PLN	Plutus	Cashback	19/05/2024	42.45€
BOL - PLN	Plutus	Cashback	17/05/2024	2.10€
BCM Bricolage Leroy - PLN	Plutus	Cashback	17/05/2024	1.42€
Taberna Londrina - PLN	Plutus	Cashback	17/05/2024	1.38€
Continente - PLN	Plutus	Cashback	17/05/2024	0.91€
Curve - Pingo Doce	Curve	Cashback	22/05/2024	0.13€
Curve - Booking	Curve	Cashback	15/05/2024	10.70€
Santander	Santander	Cashback	15/05/2024	8.07€
Curve - Continente	Curve	Cashback	13/05/2024	0.22€
Hospital da Luz - PLN	Plutus	Cashback	13/05/2024	0.75€
Osteria 44 - PLN	Plutus	Cashback	13/05/2024	2.36€
TikTok	MBWay	Social Media	12/05/2024	13.00€
Vitaminas - PLN	Plutus	Cashback	12/05/2024	0.51€
Plutus Perk (Lidl)	Plutus	Cashback	12/05/2024	9.79€
AttaPoll - Piti	PayPal	Surveys	09/05/2024	3.45€
ALDI - PLN	Plutus	Cashback	09/05/2024	0.04€
Ingrediente IPN - PLN	Plutus	Cashback	09/05/2024	0.49€
Intermarche - PLN	Plutus	Cashback	09/05/2024	0.08€
Pizzaiolo - PLN	Plutus	Cashback	09/05/2024	0.73€
Continente - PLN	Plutus	Cashback	09/05/2024	0.26€
LIDL - PLN	Plutus	Cashback	09/05/2024	0.51€
Plutus Perk - LIDL	Plutus	Cashback	09/05/2024	9.46€
Continente - PLN	Plutus	Cashback	09/05/2024	1.47€
Ingrediente IPN - PLN	Plutus	Cashback	09/05/2024	0.47€
Plutus Perk - GALP	Plutus	Cashback	07/05/2024	10.44€
Galp Ademia - PLN	Plutus	Cashback	07/05/2024	1.69€
Continente - PLN	Plutus	Cashback	06/05/2024	0.87€
Plutus Perk - Continente	Plutus	Cashback	06/05/2024	10.28€
Osteria 44 - PLN	Plutus	Cashback	06/05/2024	1.00€
Vita Fórum - PLN	Plutus	Cashback	05/05/2024	0.50€
Vita Fórum - PLN	Plutus	Cashback	05/05/2024	0.39€
Sete Restaurante - PLN	Plutus	Cashback	04/05/2024	1.53€
Curve - Galp Ademia	Curve	Cashback	05/05/2024	0.41€
Curve - Osteria 44	Curve	Cashback	04/05/2024	0.25€
Curve - Continente	Curve	Cashback	04/05/2024	0.32€
Curve - Continente	Curve	Cashback	04/05/2024	0.32€
Delitruques - PLN	Plutus	Cashback	04/05/2024	0.36€
Park Hotel - PLN	Plutus	Cashback	04/05/2024	0.08€
Walgreens - PLN	Plutus	Cashback	04/05/2024	0.39€
CP - PLN	Plutus	Cashback	04/05/2024	1.71€
Nyx Abservicio - PLN	Plutus	Cashback	04/05/2024	0.08€
Famous Pioneer - PLN	Plutus	Cashback	04/05/2024	1.37€
Clipper Systems - PLN	Plutus	Cashback	04/05/2024	0.58€
Park Hotel - PLN	Plutus	Cashback	04/05/2024	0.31€
Nyx Abservicio - PLN	Plutus	Cashback	04/05/2024	0.08€
Curve - Vita Fórum	Curve	Cashback	03/05/2024	0.12€
Curve - Vita Fórum	Curve	Cashback	03/05/2024	0.09€
Rejuvemed - PLN	Plutus	Cashback	03/05/2024	15.74€
Naturitas - PLN	Plutus	Cashback	03/05/2024	2.19€
Amazon - PLN	Plutus	Cashback	03/05/2024	11.46€
Plutus Perk (Amazon)	Plutus	Cashback	03/05/2024	10.64€
MEO - PLN	Plutus	Cashback	03/05/2024	1.75€
Curve - Delitruques	Curve	Cashback	02/05/2024	0.08€
McDonalds - PLN	Plutus	Cashback	02/05/2024	0.64€
Plutus Perk (McDonalds)	Plutus	Cashback	02/05/2024	10.00€
Curve - Naturitas	Curve	Cashback	01/05/2024	0.52€
Curve - Amazon	Curve	Cashback	01/05/2024	2.83€
Curve - Aldi	Curve	Cashback	01/05/2024	0.01€
Curve - Pingo Doce	Curve	Cashback	30/04/2024	0.14€
Curve - McDonald's	Curve	Cashback	30/04/2024	0.17€
Curve - Piti	Curve - Piti	Cashback	29/04/2024	1.95€
Plutus Perk (Lidl)	Plutus	Cashback	29/04/2024	9.85€
Plutus Perk (Aldi)	Plutus	Cashback	29/04/2024	9.88€
Plutus Perk (Pingo Doce)	Plutus	Cashback	29/04/2024	10.00€
Plutus - Piti	Plutus - Piti	Cashback	29/04/2024	22.20€
Curve - Continente	Curve	Cashback	28/04/2024	0.21€
Curve - Continente	Curve	Cashback	28/04/2024	0.21€
Curve - Continente	Curve	Cashback	28/04/2024	0.20€
Curve - Continente	Curve	Cashback	28/04/2024	0.20€
Curve - LIDL	Curve	Cashback	27/04/2024	0.17€
Curve - LIDL	Curve	Cashback	27/04/2024	0.17€
Curve - Aldi	Curve	Cashback	27/04/2024	0.11€
Curve - Pingo Doce	Curve	Cashback	27/04/2024	0.14€
Curve - IPN	Curve	Cashback	26/04/2024	0.13€
Curve - IPN	Curve	Cashback	24/04/2024	0.13€
Intermarche	Cetelem	Cashback	23/04/2024	0.06€
Booking Cashback	Deco+	Cashback	23/04/2024	8.50€
Curve - MEO	Curve	Cashback	23/04/2024	0.41€
Curve - MEO	Curve	Cashback	23/04/2024	0.41€
Curve - Rejuvemed	Curve	Cashback	23/04/2024	3.74€
Curve - Praxis	Curve	Cashback	21/04/2024	0.41€
Curve - Continente	Curve	Cashback	21/04/2024	0.39€
Curve - Continente	Curve	Cashback	21/04/2024	0.39€
LIDL	Cetelem	Cashback	20/04/2024	0.34€
LIDL	Cetelem	Cashback	20/04/2024	0.61€
LIDL	Cetelem	Cashback	20/04/2024	0.24€
Delitruques	Cetelem	Cashback	20/04/2024	0.29€
KuVa	Cetelem	Cashback	20/04/2024	0.64€
Curve - Intermarche	Curve	Cashback	20/04/2024	0.02€
Curve - LIDL	Curve	Cashback	20/04/2024	0.24€
Curve - LIDL	Curve	Cashback	20/04/2024	0.24€
Repsol	Cetelem	Cashback	19/04/2024	1.25€
Curve - Pizzaiolo	Curve	Cashback	19/04/2024	0.20€
Curve - Continente	Curve	Cashback	18/04/2024	0.07€
Curve - Continente	Curve	Cashback	18/04/2024	0.07€
Ingrediente - PLN	Plutus	Cashback	18/04/2024	0.55€
Rejuvemed - PLN	Plutus	Cashback	18/04/2024	4.10€
Curve - Sete Restaurante	Curve	Cashback	17/04/2024	0.38€
Galp - PLN	Plutus	Cashback	17/04/2024	1.17€
Plutus Perk (Galp)	Plutus	Cashback	17/04/2024	8.70€
Santander	Santander	Cashback	16/04/2024	10.43€
Curve - Ingrediente IPN	Curve	Cashback	16/04/2024	0.20€
Leroy Merlin - PLN	Plutus	Cashback	16/04/2024	0.61€
Vitaminas - PLN	Plutus	Cashback	16/04/2024	0.51€
Curve - Rejuvemed	Curve	Cashback	15/04/2024	1.79€
Curve - Galp	Curve	Cashback	15/04/2024	0.55€
Curve - Vitaminas	Curve	Cashback	14/04/2024	0.19€
Curve - Leroy	Curve	Cashback	14/04/2024	0.18€
Curve - Lidl	Curve	Cashback	13/04/2024	0.18€
Curve - Lidl	Curve	Cashback	13/04/2024	0.18€
Lidl - PLN	Plutus	Cashback	12/04/2024	0.44€
Vitaminas - PLN	Plutus	Cashback	12/04/2024	0.23€
Comp. Sandes - PLN	Plutus	Cashback	12/04/2024	0.18€
Farmacia Barros - PLN	Plutus	Cashback	12/04/2024	0.33€
Podologia - PLN	Plutus	Cashback	12/04/2024	0.92€
Fever - PLN	Plutus	Cashback	12/04/2024	1.25€
Plutus Perk (Curve)	Plutus	Cashback	11/04/2024	7.74€
Curve - Podologia	Curve	Cashback	10/04/2024	0.40€
Curve - Farmácia B.	Curve	Cashback	10/04/2024	0.15€
Curve - Fever	Curve	Cashback	10/04/2024	0.55€
Curve - Vitaminas	Curve	Cashback	10/04/2024	0.11€
Curve - Comp. Sandes	Curve	Cashback	10/04/2024	0.08€
CP - PLN	Plutus	Cashback	10/04/2024	1.07€
Poll Pay	PayPal	Surveys	08/04/2024	10.00€
SHEIN	LetyShops	Cashback	08/04/2024	0.36€
Tomatino - PLN	Plutus	Cashback	07/04/2024	0.19€
SportZone - PLN	Plutus	Cashback	07/04/2024	0.19€
Curve - Lidl	Curve	Cashback	06/04/2024	0.12€
Isey Skyr Bar ehf - PLN	Plutus	Cashback	06/04/2024	0.19€
Samuelsson Selfoss - PLN	Plutus	Cashback	06/04/2024	0.56€
PCDIGA - PLN	Plutus	Cashback	06/04/2024	3.12€
Continente - PLN	Plutus	Cashback	06/04/2024	0.48€
Skool Beans - PLN	Plutus	Cashback	06/04/2024	0.14€
Mal og menning Vei- PLN	Plutus	Cashback	06/04/2024	0.46€
Continente - PLN (part)	Plutus	Cashback	06/04/2024	0.80€
Plutus Perk (Continente)	Plutus	Cashback	06/04/2024	7.89€
Islenski barinn eh - PLN	Plutus	Cashback	06/04/2024	4.66€
AttaPoll - Piti	Revolut	Surveys	05/04/2024	2.56€
UK LTD GATWICK - PLN	Plutus	Cashback	05/04/2024	0.10€
Plutus Referral - Quica	Plutus	Cashback	05/04/2024	7.36€
Curve - Continente	Curve	Cashback	04/04/2024	0.45€
Curve - Continente	Curve	Cashback	04/04/2024	0.20€
Icewear Magasin - PLN	Plutus	Cashback	04/04/2024	0.16€
Metro Sudurlandsbr - PLN	Plutus	Cashback	04/04/2024	1.32€
Islandia Bankastra - PLN	Plutus	Cashback	04/04/2024	0.10€
Bolasmidjan Reykja - PLN	Plutus	Cashback	04/04/2024	0.11€
SIMPLY FOOD - PLN	Plutus	Cashback	03/04/2024	0.56€
Plutus Referral - Tiago	Plutus	Cashback	03/04/2024	6.60€
LIDL	Cetelem	Cashback	29/03/2024	0.34€
beRuby	TB	Surveys	28/03/2024	10.00€
Curve - Booking	Curve	Cashback	28/03/2024	0.65€
Osteria 44	Cetelem	Cashback	27/03/2024	1.03€
Curve - Lidl	Curve	Cashback	27/03/2024	0.12€
Booking Cashback	Deco+	Cashback	26/03/2024	26.00€
Praxis	Cetelem	Cashback	26/03/2024	1.03€
Curve - Booking	Curve	Cashback	26/03/2024	0.70€
Curve - MEO	Curve	Cashback	23/03/2024	0.40€
Curve - Continente	Curve	Cashback	15/03/2024	0.66€
AttaPoll - Piti	Revolut	Surveys	14/03/2024	3.14€
AttaPoll	PayPal	Surveys	12/03/2024	3.24€
Plutus Perk (Curve)	Plutus	Cashback	11/03/2024	8.01€
Curve - Lidl	Curve	Cashback	10/03/2024	0.20€
SportZone	LetyShops	Cashback	23/03/2024	1.17€
Rentalcars	LetyShops	Cashback	22/03/2024	18.07€
Notino	LetyShops	Cashback	22/03/2024	0.44€
Temu	LetyShops	Cashback	07/03/2024	3.60€
Plutus	M - Plutus	Cashback	07/03/2024	-198.66€
Booking ISL - PLN	Plutus	Cashback	07/03/2024	9.15€
AttaPoll	PayPal	Surveys	05/03/2024	3.46€
Curve - Booking	Curve	Cashback	05/03/2024	6.03€
Lidl - PLN	Plutus	Cashback	04/03/2024	0.47€
Plutus Perk (Lidl)	Plutus	Cashback	04/03/2024	8.16€
Plutus Perk (Booking)	Plutus	Cashback	04/03/2024	7.96€
Curve - Lidl	Curve	Cashback	03/03/2024	0.08€
Booking ISL - PLN	Plutus	Cashback	03/03/2024	5.83€
Booking ISL - PLN	Plutus	Cashback	03/03/2024	8.20€
MEO - PLN	Plutus	Cashback	03/03/2024	0.98€
Curve - Lidl	Curve	Cashback	02/03/2024	0.30€
Curve - Booking	Curve	Cashback	02/03/2024	2.42€
Curve - Booking	Curve	Cashback	02/03/2024	3.40€
AttaPoll	PayPal	Surveys	01/03/2024	3.02€
AliExpress	LetyShops	Cashback	01/03/2024	0.10€
Curve - MEO	Curve	Cashback	01/03/2024	0.40€
Souvla	Cetelem	Cashback	29/02/2024	1.12€
Outback	Cetelem	Cashback	29/02/2024	1.29€
Tony's Pizza	Cetelem	Cashback	29/02/2024	1.08€
Trader Joe's	Cetelem	Cashback	29/02/2024	0.90€
Lidl	Cetelem	Cashback	28/02/2024	0.40€
Costure Bistro TV	Cetelem	Cashback	27/02/2024	1.19€
Cortes Gomes Hotel	Cetelem	Cashback	27/02/2024	1.33€
Croissanteria Port	Cetelem	Cashback	27/02/2024	0.24€
Pizzaiolo	Cetelem	Cashback	27/02/2024	0.53€
Cheesecake Factory	Cetelem	Cashback	27/02/2024	0.36€
Continente	Cetelem	Cashback	27/02/2024	1.39€
Curve - Lidl	Curve	Cashback	25/02/2024	0.13€
McDonalds	Cetelem	Cashback	23/02/2024	0.43€
Curve - Continente	Curve	Cashback	23/02/2024	0.47€
Plutus Perk (Curve)	Plutus	Cashback	22/02/2024	6.00€
Plutus Bonus	Plutus	Cashback	22/02/2024	1.00€
HARRAHS GUY FIERI - PLN	Plutus	Cashback	22/02/2024	0.40€
Plutus Bonus	Plutus	Cashback	21/02/2024	17.92€
BONANZA GIFT SHOP - PLN	Plutus	Cashback	18/02/2024	0.44€
Down 2 Earth LV - PLN	Plutus	Cashback	18/02/2024	0.86€
ABC 109 LV - PLN	Plutus	Cashback	18/02/2024	0.19€
Booking - PLN	Plutus	Cashback	17/02/2024	4.59€
Crypto Arena - PLN	Plutus	Cashback	16/02/2024	0.64€
FRITZI COOP - PLN	Plutus	Cashback	16/02/2024	0.64€
Griffith Park - PLN	Plutus	Cashback	16/02/2024	0.25€
LOVE BEVERLY HILLS - PLN	Plutus	Cashback	16/02/2024	0.10€
Farmers Market - PLN	Plutus	Cashback	16/02/2024	0.70€
Santander	Santander	Cashback	15/02/2024	16.21€
Shell - PLN	Plutus	Cashback	15/02/2024	2.44€
Plutus Perk (Shell)	Plutus	Cashback	15/02/2024	9.05€
Santa Cruz Pay - PLN	Plutus	Cashback	14/02/2024	0.06€
BOARDWALK SURF - PLN	Plutus	Cashback	14/02/2024	0.39€
Santa Cruz Pay - PLN	Plutus	Cashback	14/02/2024	0.25€
Google - PLN	Plutus	Cashback	14/02/2024	0.03€
Apple Bar - PLN	Plutus	Cashback	13/02/2024	0.15€
Candy Baron SF - PLN	Plutus	Cashback	13/02/2024	0.07€
San Francisco - PLN	Plutus	Cashback	13/02/2024	0.84€
Blue Bottle - PLN	Plutus	Cashback	13/02/2024	0.20€
Lids - PLN	Plutus	Cashback	12/02/2024	0.30€
Plutus	M - Plutus	Cashback	10/02/2024	-19.99€
Curve - Booking	Curve	Cashback	07/02/2024	1.72€
MO - PLN	Plutus	Cashback	06/02/2024	1.08€
RCM IT Shop - PLN	Plutus	Cashback	03/02/2024	12.08€
AttaPoll	PayPal	Surveys	02/02/2024	3.27€
AttaPoll - Piti	PayPal	Surveys	02/02/2024	3.10€
AttaPoll	PayPal	Surveys	01/02/2024	3.34€
Booking Cashback	Deco+	Cashback	30/01/2024	2.50€
AttaPoll	PayPal	Surveys	26/01/2024	3.05€
AliExpress	LetyShops	Cashback	25/01/2024	0.36€
Curve - MEO	Curve	Cashback	25/01/2024	0.54€
Plutus Bonus	Plutus	Cashback	23/01/2024	4.00€
Airalo	LetyShops	Cashback	21/01/2024	0.89€
Airalo	LetyShops	Cashback	21/01/2024	0.89€
Curve - Continente	Curve	Cashback	21/01/2024	0.61€
Airalo - PLN	Plutus	Cashback	21/01/2024	0.30€
Airalo - PLN	Plutus	Cashback	21/01/2024	0.27€
DOTE - PLN	Plutus	Cashback	18/01/2024	0.37€
Booking OPO (part) - PLN	Plutus	Cashback	17/01/2024	1.14€
Plutus Perk (Booking)	Plutus	Cashback	17/01/2024	8.23€
AliExpress	LetyShops	Cashback	17/01/2024	0.14€
Hospital da Luz - PLN	Plutus	Cashback	17/01/2024	1.26€
CP - PLN	Plutus	Cashback	17/01/2024	1.16€
Rituals - PLN	Plutus	Cashback	17/01/2024	0.13€
Booking OPO - PLN	Plutus	Cashback	17/01/2024	1.35€
Curve - Booking	Curve	Cashback	16/01/2024	0.57€
Curve - Booking	Curve	Cashback	16/01/2024	0.57€
AttaPoll	PayPal	Surveys	15/01/2024	3.29€
Curve - Cashback	Curve	Cashback	15/01/2024	5.90€
Santander	Santander	Cashback	15/01/2024	15.28€
Vip Inn Berna - PLN	Plutus	Cashback	12/01/2024	0.10€
Rentalcars - PLN	Plutus	Cashback	12/01/2024	9.09€
Parrila Vasco - PLN	Plutus	Cashback	12/01/2024	0.25€
Booking - PLN	Plutus	Cashback	11/01/2024	1.13€
Plutus	Plutus	Cashback	11/01/2024	8.00€
AttaPoll	PayPal	Surveys	10/01/2024	3.10€
Plutus	M - Plutus	Cashback	10/01/2024	-4.99€
Curve	M - Curve	Cashback	09/01/2024	-9.99€
AttaPoll	PayPal	Surveys	05/01/2024	3.33€
beRuby - Piti	PayPal	Surveys	02/01/2024	10.00€
AttaPoll - Piti	PayPal	Surveys	22/12/2023	3.30€
AttaPoll	PayPal	Surveys	22/12/2023	3.21€
AttaPoll	PayPal	Surveys	21/12/2023	4.02€
AttaPoll	PayPal	Surveys	20/12/2023	3.03€
AttaPoll - Piti	PayPal	Surveys	15/12/2023	5.13€
AttaPoll	PayPal	Surveys	15/12/2023	3.19€
Santander	TB	Cashback	15/12/2023	9.84€
AttaPoll	PayPal	Surveys	14/12/2023	3.40€
AttaPoll	PayPal	Surveys	13/12/2023	3.28€
AttaPoll	PayPal	Surveys	04/12/2023	3.63€
MBWay	TB	Cashback	02/12/2023	10.00€
AttaPoll	PayPal	Surveys	23/11/2023	3.08€
Deco+	PayPal	Cashback	23/11/2023	8.00€
Santander	TB	Cashback	15/11/2023	16.75€
AttaPoll	PayPal	Surveys	17/10/2023	3.12€
Santander	TB	Cashback	15/10/2023	17.28€
Poll Pay	PayPal	Surveys	13/10/2023	10.00€
AttaPoll - Piti	PayPal	Surveys	07/10/2023	3.22€
AttaPoll	PayPal	Surveys	06/10/2023	3.40€
Santander	TB	Cashback	15/09/2023	16.57€
AttaPoll	PayPal	Surveys	11/09/2023	3.12€
AttaPoll	PayPal	Surveys	25/08/2023	3.24€
Santander	TB	Cashback	15/08/2023	14.81€
Nicequest	Vale	Surveys	07/08/2023	25.00€
Santander	TB	Cashback	15/07/2023	11.62€
AttaPoll	PayPal	Surveys	04/07/2023	3.09€
Santander	TB	Cashback	15/06/2023	7.93€
AttaPoll	PayPal	Surveys	05/06/2023	3.35€
Poll Pay	PayPal	Surveys	29/05/2023	10.00€
beRuby	PayPal	Surveys	29/05/2023	100.00€
Toluna	Vale	Surveys	26/05/2023	5.00€
Santander	TB	Cashback	15/05/2023	17.72€
Santander	TB	Cashback	04/05/2023	5.06€
AttaPoll - Piti	PayPal	Surveys	07/10/2023	3.22€
AttaPoll	PayPal	Surveys	06/10/2023	3.40€
Santander	TB	Cashback	15/09/2023	16.57€
AttaPoll	PayPal	Surveys	11/09/2023	3.12€
AttaPoll	PayPal	Surveys	25/08/2023	3.24€
Santander	TB	Cashback	15/08/2023	14.81€
Nicequest	Vale	Surveys	07/08/2023	25.00€
Santander	TB	Cashback	15/07/2023	11.62€
AttaPoll	PayPal	Surveys	04/07/2023	3.09€
Santander	TB	Cashback	15/06/2023	7.93€
AttaPoll	PayPal	Surveys	05/06/2023	3.35€
Poll Pay	PayPal	Surveys	29/05/2023	10.00€
beRuby	PayPal	Surveys	29/05/2023	100.00€
Toluna	Vale	Surveys	26/05/2023	5.00€
Santander	TB	Cashback	15/05/2023	17.72€
Santander	TB	Cashback	04/05/2023	5.06€
